keyword,priority,target_url,current_ranking_url,2026-10,2026-11,2026-12,2027-01,2027-02,2027-03,2027-04,2027-05,2027-06,2027-07,2027-08,2027-09
دندانپزشک شیراز,P1,/ (home),,,,,,,,,,,,,
دندانپزشکی شیراز,P1,/ (home),,,,,,,,,,,,,
دندان پزشک شیراز,P2,/ (home),,,,,,,,,,,,,
دندان پزشکی شیراز,P2,/ (home),,,,,,,,,,,,,
dandanpezeshki shiraz,P2,/ (home),,,,,,,,,,,,,
cosmetic dentist shiraz,P2,/ (home),,,,,,,,,,,,,
کلینیک دندانپزشکی شیراز,P1,/ (home),,,,,,,,,,,,,
دندانپزشک خوب در شیراز,P1,/journal/how-to-choose-cosmetic-dentist-shiraz,,,,,,,,,,,,,
بهترین دندانپزشک شیراز,P2,/journal/how-to-choose-cosmetic-dentist-shiraz,,,,,,,,,,,,,
نوبت دندانپزشک شیراز,P2,/booking,,,,,,,,,,,,,
دندانپزشک نزدیک من,P1,GBP + /,,,,,,,,,,,,,
دندانپزشکی معالی آباد,P1,/dentist-maaliabad-shiraz (live),,,,,,,,,,,,,
دندان پزشکی معالی اباد,P2,/dentist-maaliabad-shiraz (live),,,,,,,,,,,,,
دندانپزشک معالی آباد شیراز,P1,/dentist-maaliabad-shiraz (live),,,,,,,,,,,,,
کلینیک دندانپزشکی معالی آباد,P1,/dentist-maaliabad-shiraz (live),,,,,,,,,,,,,
دندانپزشک زیبایی معالی آباد,P1,/dentist-maaliabad-shiraz (live),,,,,,,,,,,,,
لمینت معالی آباد,P1,/veneers + area page,,,,,,,,,,,,,
کامپوزیت معالی آباد,P1,/composite + area page,,,,,,,,,,,,,
دندانپزشک زیبایی شیراز,P1,/ (home),,,,,,,,,,,,,
دندانپزشکی زیبایی شیراز,P1,/ (home),,,,,,,,,,,,,
بهترین دندانپزشک زیبایی شیراز,P1,/journal/how-to-choose-cosmetic-dentist-shiraz,,,,,,,,,,,,,
دندانپزشک زیبایی و ترمیمی شیراز,P2,/ (home),,,,,,,,,,,,,
دکتر زیبایی دندان شیراز,P2,/ (home),,,,,,,,,,,,,
طراحی لبخند شیراز,P1,/services/smile-design,,,,,,,,,,,,,
هزینه طراحی لبخند شیراز,P2,/services/smile-design,,,,,,,,,,,,,
بلیچینگ دندان شیراز,P2,/services/whitening,,,,,,,,,,,,,
سفید کردن دندان شیراز,P2,/services/whitening,,,,,,,,,,,,,
لمینت دندان شیراز,P1,/veneers,,,,,,,,,,,,,
لمینت سرامیکی شیراز,P1,/veneers,,,,,,,,,,,,,
دندانپزشک لمینت شیراز,P1,/veneers,,,,,,,,,,,,,
بهترین دکتر لمینت شیراز,P2,/journal/how-to-choose-veneer-dentist-shiraz (new),,,,,,,,,,,,,
قیمت لمینت دندان شیراز,P1,/journal/veneer-price-shiraz-1405 (new),,,,,,,,,,,,,
قیمت لمینت دندان شیراز ۱۴۰۵,P1,/journal/veneer-price-shiraz-1405 (new),,,,,,,,,,,,,
هزینه لمینت دندان شیراز,P1,/journal/veneer-price-shiraz-1405 (new),,,,,,,,,,,,,
لمینت اقساطی شیراز,P1,/veneers#installment + /journal/veneer-installment-shiraz (new),,,,,,,,,,,,,
لمینت دندان جلو شیراز,P2,/veneers,,,,,,,,,,,,,
لمینت کامپوزیتی شیراز,P2,/composite,,,,,,,,,,,,,
عوارض لمینت دندان,P2,/journal (new),,,,,,,,,,,,,
لمینت چند سال دوام دارد,P2,/journal (new),,,,,,,,,,,,,
مراقبت از لمینت,P2,/journal/veneer-care,,,,,,,,,,,,,
کامپوزیت دندان شیراز,P1,/composite,,,,,,,,,,,,,
کامپوزیت ونیر شیراز,P1,/composite,,,,,,,,,,,,,
دندانپزشک کامپوزیت شیراز,P1,/composite,,,,,,,,,,,,,
بهترین دکتر کامپوزیت شیراز,P2,/journal/how-to-choose-composite-dentist-shiraz (new),,,,,,,,,,,,,
قیمت کامپوزیت دندان شیراز,P1,/journal/composite-price-shiraz-1405 (new),,,,,,,,,,,,,
قیمت کامپوزیت دندان شیراز ۱۴۰۵,P1,/journal/composite-price-shiraz-1405 (new),,,,,,,,,,,,,
هزینه کامپوزیت دندان شیراز,P1,/journal/composite-price-shiraz-1405 (new),,,,,,,,,,,,,
کامپوزیت اقساطی شیراز,P1,/composite#installment,,,,,,,,,,,,,
فیس کامپوزیت شیراز,P2,/composite,,,,,,,,,,,,,
کامپوزیت دندان جلو شیراز,P2,/composite,,,,,,,,,,,,,
بستن فاصله بین دندان ها شیراز,P2,/composite,,,,,,,,,,,,,
کامپوزیت دندان درد دارد,P2,/composite (FAQ),,,,,,,,,,,,,
کامپوزیت یا لمینت,P1,/journal/composite-vs-veneers,,,,,,,,,,,,,
تفاوت کامپوزیت و لمینت,P1,/journal/composite-vs-veneers,,,,,,,,,,,,,
ماندگاری کامپوزیت دندان,P2,/journal/composite-longevity,,,,,,,,,,,,,
بلیچینگ دندان چقدر ماندگار است,P2,/journal/whitening-longevity,,,,,,,,,,,,,
چطور دندانپزشک زیبایی خوب انتخاب کنیم,P1,/journal/how-to-choose-cosmetic-dentist-shiraz (new),,,,,,,,,,,,,
دکتر فاطمه جعفری دندانپزشک شیراز,P1,/about,,,,,,,,,,,,,
دکتر ندا جعفری دندانپزشک شیراز,P1,/about,,,,,,,,,,,,,
دکتر جعفری دندانپزشک معالی آباد,P2,/about,,,,,,,,,,,,,
dandan pezeshki shiraz,P1,/ (home),,,,,,,,,,,,,
dandan pezeshk shiraz,P2,/ (home),,,,,,,,,,,,,
dandanpezeshkishiraz,P1,/ (home),,,,,,,,,,,,,
dandan pezeshki shiraz maaliabad,P2,/dentist-maaliabad-shiraz (live),,,,,,,,,,,,,
dandan pezeshki ziba shiraz,P2,/ (home),,,,,,,,,,,,,
